ravdess_0,01
ravdess_1,01
ravdess_2,01
ravdess_3,01
ravdess_4,02
ravdess_5,02
ravdess_6,02
ravdess_7,02
ravdess_8,02
ravdess_9,02
ravdess_10,02
ravdess_11,02
ravdess_12,03
ravdess_13,03
ravdess_14,03
ravdess_15,03
ravdess_16,03
ravdess_17,03
ravdess_18,03
ravdess_19,03
ravdess_20,04
ravdess_21,04
ravdess_22,04
ravdess_23,04
ravdess_24,04
ravdess_25,04
ravdess_26,04
ravdess_27,04
ravdess_28,05
ravdess_29,05
ravdess_30,05
ravdess_31,05
ravdess_32,05
ravdess_33,05
ravdess_34,05
ravdess_35,05
ravdess_36,06
ravdess_37,06
ravdess_38,06
ravdess_39,06
ravdess_40,06
ravdess_41,06
ravdess_42,06
ravdess_43,06
ravdess_44,07
ravdess_45,07
ravdess_46,07
ravdess_47,07
ravdess_48,07
ravdess_49,07
ravdess_50,07
ravdess_51,07
ravdess_52,08
ravdess_53,08
ravdess_54,08
ravdess_55,08
ravdess_56,08
ravdess_57,08
ravdess_58,08
ravdess_59,08
ravdess_60,01
ravdess_61,01
ravdess_62,01
ravdess_63,01
ravdess_64,02
ravdess_65,02
ravdess_66,02
ravdess_67,02
ravdess_68,02
ravdess_69,02
ravdess_70,02
ravdess_71,02
ravdess_72,03
ravdess_73,03
ravdess_74,03
ravdess_75,03
ravdess_76,03
ravdess_77,03
ravdess_78,03
ravdess_79,03
ravdess_80,04
ravdess_81,04
ravdess_82,04
ravdess_83,04
ravdess_84,04
ravdess_85,04
ravdess_86,04
ravdess_87,04
ravdess_88,05
ravdess_89,05
ravdess_90,05
ravdess_91,05
ravdess_92,05
ravdess_93,05
ravdess_94,05
ravdess_95,05
ravdess_96,06
ravdess_97,06
ravdess_98,06
ravdess_99,06
ravdess_100,06
ravdess_101,06
ravdess_102,06
ravdess_103,06
ravdess_104,07
ravdess_105,07
ravdess_106,07
ravdess_107,07
ravdess_108,07
ravdess_109,07
ravdess_110,07
ravdess_111,07
ravdess_112,08
ravdess_113,08
ravdess_114,08
ravdess_115,08
ravdess_116,08
ravdess_117,08
ravdess_118,08
ravdess_119,08
ravdess_120,01
ravdess_121,01
ravdess_122,01
ravdess_123,01
ravdess_124,02
ravdess_125,02
ravdess_126,02
ravdess_127,02
ravdess_128,02
ravdess_129,02
ravdess_130,02
ravdess_131,02
ravdess_132,03
ravdess_133,03
ravdess_134,03
ravdess_135,03
ravdess_136,03
ravdess_137,03
ravdess_138,03
ravdess_139,03
ravdess_140,04
ravdess_141,04
ravdess_142,04
ravdess_143,04
ravdess_144,04
ravdess_145,04
ravdess_146,04
ravdess_147,04
ravdess_148,05
ravdess_149,05
ravdess_150,05
ravdess_151,05
ravdess_152,05
ravdess_153,05
ravdess_154,05
ravdess_155,05
ravdess_156,06
ravdess_157,06
ravdess_158,06
ravdess_159,06
ravdess_160,06
ravdess_161,06
ravdess_162,06
ravdess_163,06
ravdess_164,07
ravdess_165,07
ravdess_166,07
ravdess_167,07
ravdess_168,07
ravdess_169,07
ravdess_170,07
ravdess_171,07
ravdess_172,08
ravdess_173,08
ravdess_174,08
ravdess_175,08
ravdess_176,08
ravdess_177,08
ravdess_178,08
ravdess_179,08
ravdess_180,01
ravdess_181,01
ravdess_182,01
ravdess_183,01
ravdess_184,02
ravdess_185,02
ravdess_186,02
ravdess_187,02
ravdess_188,02
ravdess_189,02
ravdess_190,02
ravdess_191,02
ravdess_192,03
ravdess_193,03
ravdess_194,03
ravdess_195,03
ravdess_196,03
ravdess_197,03
ravdess_198,03
ravdess_199,03
ravdess_200,04
ravdess_201,04
ravdess_202,04
ravdess_203,04
ravdess_204,04
ravdess_205,04
ravdess_206,04
ravdess_207,04
ravdess_208,05
ravdess_209,05
ravdess_210,05
ravdess_211,05
ravdess_212,05
ravdess_213,05
ravdess_214,05
ravdess_215,05
ravdess_216,06
ravdess_217,06
ravdess_218,06
ravdess_219,06
ravdess_220,06
ravdess_221,06
ravdess_222,06
ravdess_223,06
ravdess_224,07
ravdess_225,07
ravdess_226,07
ravdess_227,07
ravdess_228,07
ravdess_229,07
ravdess_230,07
ravdess_231,07
ravdess_232,08
ravdess_233,08
ravdess_234,08
ravdess_235,08
ravdess_236,08
ravdess_237,08
ravdess_238,08
ravdess_239,08
ravdess_240,01
ravdess_241,01
ravdess_242,01
ravdess_243,01
ravdess_244,02
ravdess_245,02
ravdess_246,02
ravdess_247,02
ravdess_248,02
ravdess_249,02
ravdess_250,02
ravdess_251,02
ravdess_252,03
ravdess_253,03
ravdess_254,03
ravdess_255,03
ravdess_256,03
ravdess_257,03
ravdess_258,03
ravdess_259,03
ravdess_260,04
ravdess_261,04
ravdess_262,04
ravdess_263,04
ravdess_264,04
ravdess_265,04
ravdess_266,04
ravdess_267,04
ravdess_268,05
ravdess_269,05
ravdess_270,05
ravdess_271,05
ravdess_272,05
ravdess_273,05
ravdess_274,05
ravdess_275,05
ravdess_276,06
ravdess_277,06
ravdess_278,06
ravdess_279,06
ravdess_280,06
ravdess_281,06
ravdess_282,06
ravdess_283,06
ravdess_284,07
ravdess_285,07
ravdess_286,07
ravdess_287,07
ravdess_288,07
ravdess_289,07
ravdess_290,07
ravdess_291,07
ravdess_292,08
ravdess_293,08
ravdess_294,08
ravdess_295,08
ravdess_296,08
ravdess_297,08
ravdess_298,08
ravdess_299,08
ravdess_300,01
ravdess_301,01
ravdess_302,01
ravdess_303,01
ravdess_304,02
ravdess_305,02
ravdess_306,02
ravdess_307,02
ravdess_308,02
ravdess_309,02
ravdess_310,02
ravdess_311,02
ravdess_312,03
ravdess_313,03
ravdess_314,03
ravdess_315,03
ravdess_316,03
ravdess_317,03
ravdess_318,03
ravdess_319,03
ravdess_320,04
ravdess_321,04
ravdess_322,04
ravdess_323,04
ravdess_324,04
ravdess_325,04
ravdess_326,04
ravdess_327,04
ravdess_328,05
ravdess_329,05
ravdess_330,05
ravdess_331,05
ravdess_332,05
ravdess_333,05
ravdess_334,05
ravdess_335,05
ravdess_336,06
ravdess_337,06
ravdess_338,06
ravdess_339,06
ravdess_340,06
ravdess_341,06
ravdess_342,06
ravdess_343,06
ravdess_344,07
ravdess_345,07
ravdess_346,07
ravdess_347,07
ravdess_348,07
ravdess_349,07
ravdess_350,07
ravdess_351,07
ravdess_352,08
ravdess_353,08
ravdess_354,08
ravdess_355,08
ravdess_356,08
ravdess_357,08
ravdess_358,08
ravdess_359,08
ravdess_360,01
ravdess_361,01
ravdess_362,01
ravdess_363,01
ravdess_364,02
ravdess_365,02
ravdess_366,02
ravdess_367,02
ravdess_368,02
ravdess_369,02
ravdess_370,02
ravdess_371,02
ravdess_372,03
ravdess_373,03
ravdess_374,03
ravdess_375,03
ravdess_376,03
ravdess_377,03
ravdess_378,03
ravdess_379,03
ravdess_380,04
ravdess_381,04
ravdess_382,04
ravdess_383,04
ravdess_384,04
ravdess_385,04
ravdess_386,04
ravdess_387,04
ravdess_388,05
ravdess_389,05
ravdess_390,05
ravdess_391,05
ravdess_392,05
ravdess_393,05
ravdess_394,05
ravdess_395,05
ravdess_396,06
ravdess_397,06
ravdess_398,06
ravdess_399,06
ravdess_400,06
ravdess_401,06
ravdess_402,06
ravdess_403,06
ravdess_404,07
ravdess_405,07
ravdess_406,07
ravdess_407,07
ravdess_408,07
ravdess_409,07
ravdess_410,07
ravdess_411,07
ravdess_412,08
ravdess_413,08
ravdess_414,08
ravdess_415,08
ravdess_416,08
ravdess_417,08
ravdess_418,08
ravdess_419,08
ravdess_420,01
ravdess_421,01
ravdess_422,01
ravdess_423,01
ravdess_424,02
ravdess_425,02
ravdess_426,02
ravdess_427,02
ravdess_428,02
ravdess_429,02
ravdess_430,02
ravdess_431,02
ravdess_432,03
ravdess_433,03
ravdess_434,03
ravdess_435,03
ravdess_436,03
ravdess_437,03
ravdess_438,03
ravdess_439,03
ravdess_440,04
ravdess_441,04
ravdess_442,04
ravdess_443,04
ravdess_444,04
ravdess_445,04
ravdess_446,04
ravdess_447,04
ravdess_448,05
ravdess_449,05
ravdess_450,05
ravdess_451,05
ravdess_452,05
ravdess_453,05
ravdess_454,05
ravdess_455,05
ravdess_456,06
ravdess_457,06
ravdess_458,06
ravdess_459,06
ravdess_460,06
ravdess_461,06
ravdess_462,06
ravdess_463,06
ravdess_464,07
ravdess_465,07
ravdess_466,07
ravdess_467,07
ravdess_468,07
ravdess_469,07
ravdess_470,07
ravdess_471,07
ravdess_472,08
ravdess_473,08
ravdess_474,08
ravdess_475,08
ravdess_476,08
ravdess_477,08
ravdess_478,08
ravdess_479,08
ravdess_480,01
ravdess_481,01
ravdess_482,01
ravdess_483,01
ravdess_484,02
ravdess_485,02
ravdess_486,02
ravdess_487,02
ravdess_488,02
ravdess_489,02
ravdess_490,02
ravdess_491,02
ravdess_492,03
ravdess_493,03
ravdess_494,03
ravdess_495,03
ravdess_496,03
ravdess_497,03
ravdess_498,03
ravdess_499,03
ravdess_500,04
ravdess_501,04
ravdess_502,04
ravdess_503,04
ravdess_504,04
ravdess_505,04
ravdess_506,04
ravdess_507,04
ravdess_508,05
ravdess_509,05
ravdess_510,05
ravdess_511,05
ravdess_512,05
ravdess_513,05
ravdess_514,05
ravdess_515,05
ravdess_516,06
ravdess_517,06
ravdess_518,06
ravdess_519,06
ravdess_520,06
ravdess_521,06
ravdess_522,06
ravdess_523,06
ravdess_524,07
ravdess_525,07
ravdess_526,07
ravdess_527,07
ravdess_528,07
ravdess_529,07
ravdess_530,07
ravdess_531,07
ravdess_532,08
ravdess_533,08
ravdess_534,08
ravdess_535,08
ravdess_536,08
ravdess_537,08
ravdess_538,08
ravdess_539,08
ravdess_540,01
ravdess_541,01
ravdess_542,01
ravdess_543,01
ravdess_544,02
ravdess_545,02
ravdess_546,02
ravdess_547,02
ravdess_548,02
ravdess_549,02
ravdess_550,02
ravdess_551,02
ravdess_552,03
ravdess_553,03
ravdess_554,03
ravdess_555,03
ravdess_556,03
ravdess_557,03
ravdess_558,03
ravdess_559,03
ravdess_560,04
ravdess_561,04
ravdess_562,04
ravdess_563,04
ravdess_564,04
ravdess_565,04
ravdess_566,04
ravdess_567,04
ravdess_568,05
ravdess_569,05
ravdess_570,05
ravdess_571,05
ravdess_572,05
ravdess_573,05
ravdess_574,05
ravdess_575,05
ravdess_576,06
ravdess_577,06
ravdess_578,06
ravdess_579,06
ravdess_580,06
ravdess_581,06
ravdess_582,06
ravdess_583,06
ravdess_584,07
ravdess_585,07
ravdess_586,07
ravdess_587,07
ravdess_588,07
ravdess_589,07
ravdess_590,07
ravdess_591,07
ravdess_592,08
ravdess_593,08
ravdess_594,08
ravdess_595,08
ravdess_596,08
ravdess_597,08
ravdess_598,08
ravdess_599,08
ravdess_600,01
ravdess_601,01
ravdess_602,01
ravdess_603,01
ravdess_604,02
ravdess_605,02
ravdess_606,02
ravdess_607,02
ravdess_608,02
ravdess_609,02
ravdess_610,02
ravdess_611,02
ravdess_612,03
ravdess_613,03
ravdess_614,03
ravdess_615,03
ravdess_616,03
ravdess_617,03
ravdess_618,03
ravdess_619,03
ravdess_620,04
ravdess_621,04
ravdess_622,04
ravdess_623,04
ravdess_624,04
ravdess_625,04
ravdess_626,04
ravdess_627,04
ravdess_628,05
ravdess_629,05
ravdess_630,05
ravdess_631,05
ravdess_632,05
ravdess_633,05
ravdess_634,05
ravdess_635,05
ravdess_636,06
ravdess_637,06
ravdess_638,06
ravdess_639,06
ravdess_640,06
ravdess_641,06
ravdess_642,06
ravdess_643,06
ravdess_644,07
ravdess_645,07
ravdess_646,07
ravdess_647,07
ravdess_648,07
ravdess_649,07
ravdess_650,07
ravdess_651,07
ravdess_652,08
ravdess_653,08
ravdess_654,08
ravdess_655,08
ravdess_656,08
ravdess_657,08
ravdess_658,08
ravdess_659,08
ravdess_660,01
ravdess_661,01
ravdess_662,01
ravdess_663,01
ravdess_664,02
ravdess_665,02
ravdess_666,02
ravdess_667,02
ravdess_668,02
ravdess_669,02
ravdess_670,02
ravdess_671,02
ravdess_672,03
ravdess_673,03
ravdess_674,03
ravdess_675,03
ravdess_676,03
ravdess_677,03
ravdess_678,03
ravdess_679,03
ravdess_680,04
ravdess_681,04
ravdess_682,04
ravdess_683,04
ravdess_684,04
ravdess_685,04
ravdess_686,04
ravdess_687,04
ravdess_688,05
ravdess_689,05
ravdess_690,05
ravdess_691,05
ravdess_692,05
ravdess_693,05
ravdess_694,05
ravdess_695,05
ravdess_696,06
ravdess_697,06
ravdess_698,06
ravdess_699,06
ravdess_700,06
ravdess_701,06
ravdess_702,06
ravdess_703,06
ravdess_704,07
ravdess_705,07
ravdess_706,07
ravdess_707,07
ravdess_708,07
ravdess_709,07
ravdess_710,07
ravdess_711,07
ravdess_712,08
ravdess_713,08
ravdess_714,08
ravdess_715,08
ravdess_716,08
ravdess_717,08
ravdess_718,08
ravdess_719,08
ravdess_720,01
ravdess_721,01
ravdess_722,01
ravdess_723,01
ravdess_724,02
ravdess_725,02
ravdess_726,02
ravdess_727,02
ravdess_728,02
ravdess_729,02
ravdess_730,02
ravdess_731,02
ravdess_732,03
ravdess_733,03
ravdess_734,03
ravdess_735,03
ravdess_736,03
ravdess_737,03
ravdess_738,03
ravdess_739,03
ravdess_740,04
ravdess_741,04
ravdess_742,04
ravdess_743,04
ravdess_744,04
ravdess_745,04
ravdess_746,04
ravdess_747,04
ravdess_748,05
ravdess_749,05
ravdess_750,05
ravdess_751,05
ravdess_752,05
ravdess_753,05
ravdess_754,05
ravdess_755,05
ravdess_756,06
ravdess_757,06
ravdess_758,06
ravdess_759,06
ravdess_760,06
ravdess_761,06
ravdess_762,06
ravdess_763,06
ravdess_764,07
ravdess_765,07
ravdess_766,07
ravdess_767,07
ravdess_768,07
ravdess_769,07
ravdess_770,07
ravdess_771,07
ravdess_772,08
ravdess_773,08
ravdess_774,08
ravdess_775,08
ravdess_776,08
ravdess_777,08
ravdess_778,08
ravdess_779,08
ravdess_780,01
ravdess_781,01
ravdess_782,01
ravdess_783,01
ravdess_784,02
ravdess_785,02
ravdess_786,02
ravdess_787,02
ravdess_788,02
ravdess_789,02
ravdess_790,02
ravdess_791,02
ravdess_792,03
ravdess_793,03
ravdess_794,03
ravdess_795,03
ravdess_796,03
ravdess_797,03
ravdess_798,03
ravdess_799,03
ravdess_800,04
ravdess_801,04
ravdess_802,04
ravdess_803,04
ravdess_804,04
ravdess_805,04
ravdess_806,04
ravdess_807,04
ravdess_808,05
ravdess_809,05
ravdess_810,05
ravdess_811,05
ravdess_812,05
ravdess_813,05
ravdess_814,05
ravdess_815,05
ravdess_816,06
ravdess_817,06
ravdess_818,06
ravdess_819,06
ravdess_820,06
ravdess_821,06
ravdess_822,06
ravdess_823,06
ravdess_824,07
ravdess_825,07
ravdess_826,07
ravdess_827,07
ravdess_828,07
ravdess_829,07
ravdess_830,07
ravdess_831,07
ravdess_832,08
ravdess_833,08
ravdess_834,08
ravdess_835,08
ravdess_836,08
ravdess_837,08
ravdess_838,08
ravdess_839,08
ravdess_840,01
ravdess_841,01
ravdess_842,01
ravdess_843,01
ravdess_844,02
ravdess_845,02
ravdess_846,02
ravdess_847,02
ravdess_848,02
ravdess_849,02
ravdess_850,02
ravdess_851,02
ravdess_852,03
ravdess_853,03
ravdess_854,03
ravdess_855,03
ravdess_856,03
ravdess_857,03
ravdess_858,03
ravdess_859,03
ravdess_860,04
ravdess_861,04
ravdess_862,04
ravdess_863,04
ravdess_864,04
ravdess_865,04
ravdess_866,04
ravdess_867,04
ravdess_868,05
ravdess_869,05
ravdess_870,05
ravdess_871,05
ravdess_872,05
ravdess_873,05
ravdess_874,05
ravdess_875,05
ravdess_876,06
ravdess_877,06
ravdess_878,06
ravdess_879,06
ravdess_880,06
ravdess_881,06
ravdess_882,06
ravdess_883,06
ravdess_884,07
ravdess_885,07
ravdess_886,07
ravdess_887,07
ravdess_888,07
ravdess_889,07
ravdess_890,07
ravdess_891,07
ravdess_892,08
ravdess_893,08
ravdess_894,08
ravdess_895,08
ravdess_896,08
ravdess_897,08
ravdess_898,08
ravdess_899,08
ravdess_900,01
ravdess_901,01
ravdess_902,01
ravdess_903,01
ravdess_904,02
ravdess_905,02
ravdess_906,02
ravdess_907,02
ravdess_908,02
ravdess_909,02
ravdess_910,02
ravdess_911,02
ravdess_912,03
ravdess_913,03
ravdess_914,03
ravdess_915,03
ravdess_916,03
ravdess_917,03
ravdess_918,03
ravdess_919,03
ravdess_920,04
ravdess_921,04
ravdess_922,04
ravdess_923,04
ravdess_924,04
ravdess_925,04
ravdess_926,04
ravdess_927,04
ravdess_928,05
ravdess_929,05
ravdess_930,05
ravdess_931,05
ravdess_932,05
ravdess_933,05
ravdess_934,05
ravdess_935,05
ravdess_936,06
ravdess_937,06
ravdess_938,06
ravdess_939,06
ravdess_940,06
ravdess_941,06
ravdess_942,06
ravdess_943,06
ravdess_944,07
ravdess_945,07
ravdess_946,07
ravdess_947,07
ravdess_948,07
ravdess_949,07
ravdess_950,07
ravdess_951,07
ravdess_952,08
ravdess_953,08
ravdess_954,08
ravdess_955,08
ravdess_956,08
ravdess_957,08
ravdess_958,08
ravdess_959,08
ravdess_960,01
ravdess_961,01
ravdess_962,01
ravdess_963,01
ravdess_964,02
ravdess_965,02
ravdess_966,02
ravdess_967,02
ravdess_968,02
ravdess_969,02
ravdess_970,02
ravdess_971,02
ravdess_972,03
ravdess_973,03
ravdess_974,03
ravdess_975,03
ravdess_976,03
ravdess_977,03
ravdess_978,03
ravdess_979,03
ravdess_980,04
ravdess_981,04
ravdess_982,04
ravdess_983,04
ravdess_984,04
ravdess_985,04
ravdess_986,04
ravdess_987,04
ravdess_988,05
ravdess_989,05
ravdess_990,05
ravdess_991,05
ravdess_992,05
ravdess_993,05
ravdess_994,05
ravdess_995,05
ravdess_996,06
ravdess_997,06
ravdess_998,06
ravdess_999,06
ravdess_1000,06
ravdess_1001,06
ravdess_1002,06
ravdess_1003,06
ravdess_1004,07
ravdess_1005,07
ravdess_1006,07
ravdess_1007,07
ravdess_1008,07
ravdess_1009,07
ravdess_1010,07
ravdess_1011,07
ravdess_1012,08
ravdess_1013,08
ravdess_1014,08
ravdess_1015,08
ravdess_1016,08
ravdess_1017,08
ravdess_1018,08
ravdess_1019,08
ravdess_1020,01
ravdess_1021,01
ravdess_1022,01
ravdess_1023,01
ravdess_1024,02
ravdess_1025,02
ravdess_1026,02
ravdess_1027,02
ravdess_1028,02
ravdess_1029,02
ravdess_1030,02
ravdess_1031,02
ravdess_1032,03
ravdess_1033,03
ravdess_1034,03
ravdess_1035,03
ravdess_1036,03
ravdess_1037,03
ravdess_1038,03
ravdess_1039,03
ravdess_1040,04
ravdess_1041,04
ravdess_1042,04
ravdess_1043,04
ravdess_1044,04
ravdess_1045,04
ravdess_1046,04
ravdess_1047,04
ravdess_1048,05
ravdess_1049,05
ravdess_1050,05
ravdess_1051,05
ravdess_1052,05
ravdess_1053,05
ravdess_1054,05
ravdess_1055,05
ravdess_1056,06
ravdess_1057,06
ravdess_1058,06
ravdess_1059,06
ravdess_1060,06
ravdess_1061,06
ravdess_1062,06
ravdess_1063,06
ravdess_1064,07
ravdess_1065,07
ravdess_1066,07
ravdess_1067,07
ravdess_1068,07
ravdess_1069,07
ravdess_1070,07
ravdess_1071,07
ravdess_1072,08
ravdess_1073,08
ravdess_1074,08
ravdess_1075,08
ravdess_1076,08
ravdess_1077,08
ravdess_1078,08
ravdess_1079,08
ravdess_1080,01
ravdess_1081,01
ravdess_1082,01
ravdess_1083,01
ravdess_1084,02
ravdess_1085,02
ravdess_1086,02
ravdess_1087,02
ravdess_1088,02
ravdess_1089,02
ravdess_1090,02
ravdess_1091,02
ravdess_1092,03
ravdess_1093,03
ravdess_1094,03
ravdess_1095,03
ravdess_1096,03
ravdess_1097,03
ravdess_1098,03
ravdess_1099,03
ravdess_1100,04
ravdess_1101,04
ravdess_1102,04
ravdess_1103,04
ravdess_1104,04
ravdess_1105,04
ravdess_1106,04
ravdess_1107,04
ravdess_1108,05
ravdess_1109,05
ravdess_1110,05
ravdess_1111,05
ravdess_1112,05
ravdess_1113,05
ravdess_1114,05
ravdess_1115,05
ravdess_1116,06
ravdess_1117,06
ravdess_1118,06
ravdess_1119,06
ravdess_1120,06
ravdess_1121,06
ravdess_1122,06
ravdess_1123,06
ravdess_1124,07
ravdess_1125,07
ravdess_1126,07
ravdess_1127,07
ravdess_1128,07
ravdess_1129,07
ravdess_1130,07
ravdess_1131,07
ravdess_1132,08
ravdess_1133,08
ravdess_1134,08
ravdess_1135,08
ravdess_1136,08
ravdess_1137,08
ravdess_1138,08
ravdess_1139,08
ravdess_1140,01
ravdess_1141,01
ravdess_1142,01
ravdess_1143,01
ravdess_1144,02
ravdess_1145,02
ravdess_1146,02
ravdess_1147,02
ravdess_1148,02
ravdess_1149,02
ravdess_1150,02
ravdess_1151,02
ravdess_1152,03
ravdess_1153,03
ravdess_1154,03
ravdess_1155,03
ravdess_1156,03
ravdess_1157,03
ravdess_1158,03
ravdess_1159,03
ravdess_1160,04
ravdess_1161,04
ravdess_1162,04
ravdess_1163,04
ravdess_1164,04
ravdess_1165,04
ravdess_1166,04
ravdess_1167,04
ravdess_1168,05
ravdess_1169,05
ravdess_1170,05
ravdess_1171,05
ravdess_1172,05
ravdess_1173,05
ravdess_1174,05
ravdess_1175,05
ravdess_1176,06
ravdess_1177,06
ravdess_1178,06
ravdess_1179,06
ravdess_1180,06
ravdess_1181,06
ravdess_1182,06
ravdess_1183,06
ravdess_1184,07
ravdess_1185,07
ravdess_1186,07
ravdess_1187,07
ravdess_1188,07
ravdess_1189,07
ravdess_1190,07
ravdess_1191,07
ravdess_1192,08
ravdess_1193,08
ravdess_1194,08
ravdess_1195,08
ravdess_1196,08
ravdess_1197,08
ravdess_1198,08
ravdess_1199,08
ravdess_1200,01
ravdess_1201,01
ravdess_1202,01
ravdess_1203,01
ravdess_1204,02
ravdess_1205,02
ravdess_1206,02
ravdess_1207,02
ravdess_1208,02
ravdess_1209,02
ravdess_1210,02
ravdess_1211,02
ravdess_1212,03
ravdess_1213,03
ravdess_1214,03
ravdess_1215,03
ravdess_1216,03
ravdess_1217,03
ravdess_1218,03
ravdess_1219,03
ravdess_1220,04
ravdess_1221,04
ravdess_1222,04
ravdess_1223,04
ravdess_1224,04
ravdess_1225,04
ravdess_1226,04
ravdess_1227,04
ravdess_1228,05
ravdess_1229,05
ravdess_1230,05
ravdess_1231,05
ravdess_1232,05
ravdess_1233,05
ravdess_1234,05
ravdess_1235,05
ravdess_1236,06
ravdess_1237,06
ravdess_1238,06
ravdess_1239,06
ravdess_1240,06
ravdess_1241,06
ravdess_1242,06
ravdess_1243,06
ravdess_1244,07
ravdess_1245,07
ravdess_1246,07
ravdess_1247,07
ravdess_1248,07
ravdess_1249,07
ravdess_1250,07
ravdess_1251,07
ravdess_1252,08
ravdess_1253,08
ravdess_1254,08
ravdess_1255,08
ravdess_1256,08
ravdess_1257,08
ravdess_1258,08
ravdess_1259,08
ravdess_1260,01
ravdess_1261,01
ravdess_1262,01
ravdess_1263,01
ravdess_1264,02
ravdess_1265,02
ravdess_1266,02
ravdess_1267,02
ravdess_1268,02
ravdess_1269,02
ravdess_1270,02
ravdess_1271,02
ravdess_1272,03
ravdess_1273,03
ravdess_1274,03
ravdess_1275,03
ravdess_1276,03
ravdess_1277,03
ravdess_1278,03
ravdess_1279,03
ravdess_1280,04
ravdess_1281,04
ravdess_1282,04
ravdess_1283,04
ravdess_1284,04
ravdess_1285,04
ravdess_1286,04
ravdess_1287,04
ravdess_1288,05
ravdess_1289,05
ravdess_1290,05
ravdess_1291,05
ravdess_1292,05
ravdess_1293,05
ravdess_1294,05
ravdess_1295,05
ravdess_1296,06
ravdess_1297,06
ravdess_1298,06
ravdess_1299,06
ravdess_1300,06
ravdess_1301,06
ravdess_1302,06
ravdess_1303,06
ravdess_1304,07
ravdess_1305,07
ravdess_1306,07
ravdess_1307,07
ravdess_1308,07
ravdess_1309,07
ravdess_1310,07
ravdess_1311,07
ravdess_1312,08
ravdess_1313,08
ravdess_1314,08
ravdess_1315,08
ravdess_1316,08
ravdess_1317,08
ravdess_1318,08
ravdess_1319,08
ravdess_1320,01
ravdess_1321,01
ravdess_1322,01
ravdess_1323,01
ravdess_1324,02
ravdess_1325,02
ravdess_1326,02
ravdess_1327,02
ravdess_1328,02
ravdess_1329,02
ravdess_1330,02
ravdess_1331,02
ravdess_1332,03
ravdess_1333,03
ravdess_1334,03
ravdess_1335,03
ravdess_1336,03
ravdess_1337,03
ravdess_1338,03
ravdess_1339,03
ravdess_1340,04
ravdess_1341,04
ravdess_1342,04
ravdess_1343,04
ravdess_1344,04
ravdess_1345,04
ravdess_1346,04
ravdess_1347,04
ravdess_1348,05
ravdess_1349,05
ravdess_1350,05
ravdess_1351,05
ravdess_1352,05
ravdess_1353,05
ravdess_1354,05
ravdess_1355,05
ravdess_1356,06
ravdess_1357,06
ravdess_1358,06
ravdess_1359,06
ravdess_1360,06
ravdess_1361,06
ravdess_1362,06
ravdess_1363,06
ravdess_1364,07
ravdess_1365,07
ravdess_1366,07
ravdess_1367,07
ravdess_1368,07
ravdess_1369,07
ravdess_1370,07
ravdess_1371,07
ravdess_1372,08
ravdess_1373,08
ravdess_1374,08
ravdess_1375,08
ravdess_1376,08
ravdess_1377,08
ravdess_1378,08
ravdess_1379,08
ravdess_1380,01
ravdess_1381,01
ravdess_1382,01
ravdess_1383,01
ravdess_1384,02
ravdess_1385,02
ravdess_1386,02
ravdess_1387,02
ravdess_1388,02
ravdess_1389,02
ravdess_1390,02
ravdess_1391,02
ravdess_1392,03
ravdess_1393,03
ravdess_1394,03
ravdess_1395,03
ravdess_1396,03
ravdess_1397,03
ravdess_1398,03
ravdess_1399,03
ravdess_1400,04
ravdess_1401,04
ravdess_1402,04
ravdess_1403,04
ravdess_1404,04
ravdess_1405,04
ravdess_1406,04
ravdess_1407,04
ravdess_1408,05
ravdess_1409,05
ravdess_1410,05
ravdess_1411,05
ravdess_1412,05
ravdess_1413,05
ravdess_1414,05
ravdess_1415,05
ravdess_1416,06
ravdess_1417,06
ravdess_1418,06
ravdess_1419,06
ravdess_1420,06
ravdess_1421,06
ravdess_1422,06
ravdess_1423,06
ravdess_1424,07
ravdess_1425,07
ravdess_1426,07
ravdess_1427,07
ravdess_1428,07
ravdess_1429,07
ravdess_1430,07
ravdess_1431,07
ravdess_1432,08
ravdess_1433,08
ravdess_1434,08
ravdess_1435,08
ravdess_1436,08
ravdess_1437,08
ravdess_1438,08
ravdess_1439,08
